base_bars,base_label,q_multiple,horizon_bars,horizon_label,horizon_minutes,variance_ratio,vr_curve_change,vr_signal,n_push_response_pairs,response_curve_slope,signed_conditional_response,pr_signal,joint_reading
1,5 min,1,1,5 min,5,1.0,,baseline,380474,-0.016743753807609958,-0.007640432521790904,mean-reverting,push-response only: mean-reverting
1,5 min,2,2,10 min,10,0.9959531591135455,-0.004046840886454461,no clear,190234,-0.014702358995721128,-0.008387826410292459,mean-reverting,weak mean-reverting
1,5 min,3,3,15 min,15,0.9922290070247543,-0.0037241520887912882,no clear,126819,-0.0008736557728159754,0.0005947184014446344,no clear,no clear
1,5 min,6,6,30 min,30,0.990513594771067,-0.0014445059147898398,no clear,63413,0.008606188506051814,0.0035073053439130123,no clear,no clear
1,5 min,12,12,1.0 hr,60,0.986143632897545,-0.002523274245061713,no clear,31704,-0.006295384664080855,0.0070136004849496855,no clear,no clear
1,5 min,24,24,2.0 hr,120,0.9724763008293048,-0.011667641984862365,mean-reverting,15850,-0.0024418654975890356,9.82279129281115e-05,no clear,weak mean-reverting
1,5 min,48,48,4.0 hr,240,0.959331392796895,-0.004467764732662971,no clear,7923,0.012044279053051594,0.019778821444034794,trend-following,weak trend-following
1,5 min,96,96,8.0 hr,480,0.964251128954126,0.001142775830104359,no clear,3960,-0.013681328412379313,-0.005272791740192564,mean-reverting,weak mean-reverting
1,5 min,192,192,16.0 hr,960,0.9427615239703073,-0.02148960498381869,mean-reverting,1980,-0.04015343015414821,-0.02885715826198765,mean-reverting,mean-reverting
